loop_id,loop_sequence
580_H1,AASGYSFTGYYIH
580_H2,RVIPNAGGTS
580_H3,AREGIYW
580_H4,VDNSKNTA
580_L1,RSSQSLVHSNGNTFLH
580_L2,YTVSNRFS
580_L3,SQTTHVPWT
580_L4,GSGTDF
1263_H1,SASGFAFSSFGMH
1263_H2,YISSGSGTIY
1263_H3,VRSIYYYGSSPFDF
1263_H4,RDDPKNTL
1263_L1,RSSKSLLHSNGNTYLY
1263_L2,YRMSNLAS
1263_L3,MQHLEYPLT
1263_L4,GSGTAF
4632_H1,KASGYTFTSYWMN
4632_H2,MIHPSDGETR
4632_H3,TTHFDY
4632_H4,LDKSSSTA
4632_L1,RASQRISNNLH
4632_L2,RYTSQSIS
4632_L3,QQSNSWPFT
4632_L4,GSGTDF
9649_H1,SASGFYFPDYAMA
9649_H2,FMRGWAYGGSAQ
9649_H3,AREQRNKDYRYGQEGFGYSYGMDV
9649_H4,RDDGRNVV
9649_L1,RASHFIANYVN
9649_L2,FESSTLQR
9649_L3,QQSHSPPVT
9649_L4,GDGTEF
9661_H1,KASGYTFTGYYMH
9661_H2,WINPNSGGTN
9661_H3,ARDRGREWELESYYYYYYMDV
9661_H4,RDTSISTA
9661_L1,SGDALPKQYAY
9661_L2,YKDSERPS
9661_L3,QSADSSGTYVV
9661_L4,SSGTTV
10091_H1,TVSGFSLTNYGVH
10091_H2,VIWSGGNTD
10091_H3,ARALTYYDYEFAY
10091_H4,KDNSKSQV
10091_L1,RASQSIGTNIH
10091_L2,KYASESIS
10091_L3,QQNNNWPTT
10091_L4,GSGTDF
11227_H1,AASGFTFSDAWMN
11227_H2,EIRSKVINPAIY
11227_H3,SRSTMITTRDPSRYFDV
11227_H4,RDDSKSSV
11227_L1,RTSENIHNFLT
11227_L2,YNAKTLPD
11227_L3,QHFWSSPWT
11227_L4,GSGTQY
11270_H1,KASGGTFSTLTLT
11270_H2,GIIPLLSLPN
11270_H3,AREASGWFDKPLGAMGV
11270_H4,ADTSTSTS
11270_L1,RASETIRNNNLA
11270_L2,YGASSTAT
11270_L3,QQYYKPPGT
11270_L4,GSGTDF
18451_H1,KASGGTFRTFGIS
18451_H2,WIIPIIGTPN
18451_H3,AKEGRALLRYFDWLPLDAFDI
18451_H4,ADESSNTA
18451_L1,RSSQSLVHSDGNTYLH
18451_L2,YKVSNRFS
18451_L3,SQSTHVPPLT
18451_L4,GSGTDF
18627_H1,AASGFTFSDYYMY
18627_H2,TINDGGTYTY
18627_H3,ARGSQLGRGEFAY
18627_H4,RDNAKNNL
18627_L1,RASSSVSYMH
18627_L2,YATFNLAS
18627_L3,QQWSSNPPT
18627_L4,GSGTSY
