id,fv_heavy_aho,fv_light_aho,fv_heavy,fv_light
580,EVQLVES-GGGLVQPGGSLRLSCAASG-YSFTG-----YYIHWVRQAPGKGLEWVARVIPN---AGGTSYNQKFKGRFTLSVDNSKNTAYLQMNSLRAEDTAVYYCAREG-------------------------IYWWGQGTLVTVSS,DIQMTQSPSSLSASVGDRVTITCRSS--QSLVHSN-GNTFLHWYQQKPGKAPKLLIYT--------VSNRFSGVPSRFSGSGSG--TDFTLTISSLQPEDFATYFCSQTTH-----------------------VPWTFGQGTKVEIK,EVQLVESGGGLVQPGGSLRLSCAASGYSFTGYYIHWVRQAPGKGLEWVARVIPNAGGTSYNQKFKGRFTLSVDNSKNTAYLQMNSLRAEDTAVYYCAREGIYWWGQGTLVTVSS,DIQMTQSPSSLSASVGDRVTITCRSSQSLVHSNGNTFLHWYQQKPGKAPKLLIYTVSNRFSGVPSRFSGSGSGTDFTLTISSLQPEDFATYFCSQTTHVPWTFGQGTKVEIK
4632,QVQLQQP-GAELVRPGASVKLSCKASG-YTFTS-----YWMNWVKQRPGQGLECIGMIHPS---DGETRLNQKFKDKATLTLDKSSSTAYMQLSSPTSEDSAVYYCTTHF--------------------------DYWGQGTTLTVSS,DIVLIQSPATLSVTPGDSVSLSCRAS--QRIS------NNLHWYQQKSHESPRLLIRY--------TSQSISGIPSRFSGSGSG--TDFTLSINSVETEDFGMYFCQQSNS-----------------------WPFTFGSGTKLEMK,QVQLQQPGAELVRPGASVKLSCKASGYTFTSYWMNWVKQRPGQGLECIGMIHPSDGETRLNQKFKDKATLTLDKSSSTAYMQLSSPTSEDSAVYYCTTHFDYWGQGTTLTVSS,DIVLIQSPATLSVTPGDSVSLSCRASQRISNNLHWYQQKSHESPRLLIRYTSQSISGIPSRFSGSGSGTDFTLSINSVETEDFGMYFCQQSNSWPFTFGSGTKLEMK
11270,RVQLVQS-GAEVKKPGSSVRISCKASG-GTFST-----LTLTWVRQAPGQGLEWMGGIIPL---LSLPNYTQKFQGRLTITADTSTSTSYLELSSLRSEDTAVYFCAREASGWFD---------------KPLGAMGVWGQGTMVVVSS,EIVLTQSPDTLSLSPGERATLSCRAS--ETIRN-----NNLAWYQQSPGQAPRLLVYG--------ASSTATGVPGRFSGSGSG--TDFTLTISRLEPEDFAVYYCQQYYK-----------------------PPGTFGQGTKVEFK,RVQLVQSGAEVKKPGSSVRISCKASGGTFSTLTLTWVRQAPGQGLEWMGGIIPLLSLPNYTQKFQGRLTITADTSTSTSYLELSSLRSEDTAVYFCAREASGWFDKPLGAMGVWGQGTMVVVSS,EIVLTQSPDTLSLSPGERATLSCRASETIRNNNLAWYQQSPGQAPRLLVYGASSTATGVPGRFSGSGSGTDFTLTISRLEPEDFAVYYCQQYYKPPGTFGQGTKVEFK
18627,EVQLVES-GGGLVKPGGSLKLSCAASG-FTFSD-----YYMYWVRQTPEKRLEWVATINDG---GTYTYYPDSVKGRFTISRDNAKNNLYLQMSSLKSEDTAMYFCARGSQLG-------------------RGEFAYWGQGTLVTVSA,-IVLSQSPAILSASPGEKVTMTCRAS--SSVS-------YMHWYQQKPGSSPKPWIYA--------TFNLASGVPARFSGSGSG--TSYSLTISRVEAEDAATYYCQQWSS-----------------------NPPTFGAGTKLELKR,EVQLVESGGGLVKPGGSLKLSCAASGFTFSDYYMYWVRQTPEKRLEWVATINDGGTYTYYPDSVKGRFTISRDNAKNNLYLQMSSLKSEDTAMYFCARGSQLGRGEFAYWGQGTLVTVSA,IVLSQSPAILSASPGEKVTMTCRASSSVSYMHWYQQKPGSSPKPWIYATFNLASGVPARFSGSGSGTSYSLTISRVEAEDAATYYCQQWSSNPPTFGAGTKLELKR
10091,QVQLKQS-GPGLVQPSQSLSITCTVSG-FSLTN-----YGVHWVRQSPGKGLEWLGVIWS----GGNTDYNTPFTSRLSINKDNSKSQVFFKMNSLQSNDTAIYYCARALTYY-------------------DYEFAYWGQGTLVTVSA,DILLTQSPVILSVSPGERVSFSCRAS--QSIG------TNIHWYQQRTNGSPRLLIKY--------ASESISGIPSRFSGSGSG--TDFTLSINSVESEDIADYYCQQNNN-----------------------WPTTFGAGTKLELK,QVQLKQSGPGLVQPSQSLSITCTVSGFSLTNYGVHWVRQSPGKGLEWLGVIWSGGNTDYNTPFTSRLSINKDNSKSQVFFKMNSLQSNDTAIYYCARALTYYDYEFAYWGQGTLVTVSA,DILLTQSPVILSVSPGERVSFSCRASQSIGTNIHWYQQRTNGSPRLLIKYASESISGIPSRFSGSGSGTDFTLSINSVESEDIADYYCQQNNNWPTTFGAGTKLELK
1263,DVQLVES-GGGLVQPGGSRKLSCSASG-FAFSS-----FGMHWVRQAPEKGLEWVAYISSG---SGTIYYADTVKGRFTISRDDPKNTLFLQMTSLRSEDTAMYYCVRSIYYYG------------------SSPFDFWGQGTTLTVSS,DIVMTQATSSVPVTPGESVSISCRSS--KSLLHSN-GNTYLYWFLQRPGQSPQLLIYR--------MSNLASGVPDRFSGSGSG--TAFTLTISRLEAEDVGVYYCMQHLE-----------------------YPLTFGAGTKLELK,DVQLVESGGGLVQPGGSRKLSCSASGFAFSSFGMHWVRQAPEKGLEWVAYISSGSGTIYYADTVKGRFTISRDDPKNTLFLQMTSLRSEDTAMYYCVRSIYYYGSSPFDFWGQGTTLTVSS,DIVMTQATSSVPVTPGESVSISCRSSKSLLHSNGNTYLYWFLQRPGQSPQLLIYRMSNLASGVPDRFSGSGSGTAFTLTISRLEAEDVGVYYCMQHLEYPLTFGAGTKLELK
11227,EVKLEES-GGGLVQPGGSMKLSCAASG-FTFSD-----AWMNWVRQSPEKGLEWVAEIRSKV-INPAIYYAESVKERFTILRDDSKSSVYLQMNSLRAEDTGIYYCSRSTMITTR---------------DPSRYFDVWGAGTTVTVSS,DIQMTQSPTSLSASVGETVTITCRTS--ENIH------NFLTWYQQKQGKSPQVLVYN--------AKTLPDGVPSRFSGSGSG--TQYSLKINSLQPEDFGTYYCQHFWS-----------------------SPWTFGGGTKLEIK,EVKLEESGGGLVQPGGSMKLSCAASGFTFSDAWMNWVRQSPEKGLEWVAEIRSKVINPAIYYAESVKERFTILRDDSKSSVYLQMNSLRAEDTGIYYCSRSTMITTRDPSRYFDVWGAGTTVTVSS,DIQMTQSPTSLSASVGETVTITCRTSENIHNFLTWYQQKQGKSPQVLVYNAKTLPDGVPSRFSGSGSGTQYSLKINSLQPEDFGTYYCQHFWSSPWTFGGGTKLEIK
18451,QVQLVQS-GAEVKKPGSSVKVSCKASG-GTFRT-----FGISWVRQAPGQGLEWMGWIIPI---IGTPNYAQKFQGRVIITADESSNTAYMELNSLKSEDTAVYYCAKEGRALLRYF-----------DWLPLDAFDIWGQGTMVTVS-,DIVLTQTPLSLPVSLGDQASISCRSS--QSLVHSD-GNTYLHWYLQKPGQSPKLLIYK--------VSNRFSGVPDRFSGSGSG--TDFTLKISRVEAEDLGVYFCSQSTHV----------------------PPLTFGAGTKLELK,QVQLVQSGAEVKKPGSSVKVSCKASGGTFRTFGISWVRQAPGQGLEWMGWIIPIIGTPNYAQKFQGRVIITADESSNTAYMELNSLKSEDTAVYYCAKEGRALLRYFDWLPLDAFDIWGQGTMVTVS,DIVLTQTPLSLPVSLGDQASISCRSSQSLVHSDGNTYLHWYLQKPGQSPKLLIYKVSNRFSGVPDRFSGSGSGTDFTLKISRVEAEDLGVYFCSQSTHVPPLTFGAGTKLELK
9649,AEQLVES-GGGLVPPGRSLRLSCSASG-FYFPD-----YAMAWVRQAPGQGLQWVGFMRGWA-YGGSAQFAAFAVGKFAISRDDGRNVVYLDVKNPTFEDTGVYFCAREQRNKDYRYGQ--------EGFGYSYGMDVWGRGTTVVVST,DIHMTQSPVSLSASVGDRVTITCRAS--HFIA------NYVNWYQQKPGKAPTLLIFE--------SSTLQRGVPSRFSAYGDG--TEFTLSINTLQPEDFASYICQQSHS-----------------------PPVTFGAGTRVDQK,AEQLVESGGGLVPPGRSLRLSCSASGFYFPDYAMAWVRQAPGQGLQWVGFMRGWAYGGSAQFAAFAVGKFAISRDDGRNVVYLDVKNPTFEDTGVYFCAREQRNKDYRYGQEGFGYSYGMDVWGRGTTVVVST,DIHMTQSPVSLSASVGDRVTITCRASHFIANYVNWYQQKPGKAPTLLIFESSTLQRGVPSRFSAYGDGTEFTLSINTLQPEDFASYICQQSHSPPVTFGAGTRVDQK
9661,QVQLVQS-GAEVKKPGASVKVSCKASG-YTFTG-----YYMHWVRQAPGQGLEWMGWINPN---SGGTNYAQKFQGRVTMTRDTSISTAYMELSRLRSDDTAVYYCARDRGREWELE-----------SYYYYYYMDVWGKGTTVTVSS,SYELTQP-PSVSVSPGQTARITCSGD---ALPK-----QYAYWYQQKPGQAPVLVIYK--------DSERPSGIPERFSGSSSG--TTVTLTISGVQAEDEADYYCQSADSS---------------------GTYVVFGGGTKLTVLG,QVQLVQSGAEVKKPGASVKVSCKASGYTFTGYYMHWVRQAPGQGLEWMGWINPNSGGTNYAQKFQGRVTMTRDTSISTAYMELSRLRSDDTAVYYCARDRGREWELESYYYYYYMDVWGKGTTVTVSS,SYELTQPPSVSVSPGQTARITCSGDALPKQYAYWYQQKPGQAPVLVIYKDSERPSGIPERFSGSSSGTTVTLTISGVQAEDEADYYCQSADSSGTYVVFGGGTKLTVLG
